1718786291.2252862,tokenizer,0.17814230918884277,10076,0,0,Llama-2-7b-chat-hf,1,startup,0,32,43,DeepSpeed-MII,alpaca,40960.0,39975.6875
1718786291.4034286,pipeline load,204.73640656471252,10973083,0,0,Llama-2-7b-chat-hf,1,startup,0,32,43,DeepSpeed-MII,alpaca,40960.0,39975.6875
1718786631.5095718,tokenizer,0.1770012378692627,10108,0,0,Llama-2-7b-chat-hf,1,startup,0,32,142,DeepSpeed-MII,alpaca,40960.0,39975.6875
1718786631.686573,pipeline load,51.693233251571655,2852942,0,0,Llama-2-7b-chat-hf,1,startup,0,32,142,DeepSpeed-MII,alpaca,40960.0,39975.6875
1718786760.8572245,tokenizer,0.18080973625183105,10088,0,0,Llama-2-7b-chat-hf,1,startup,0,32,47,DeepSpeed-MII,alpaca,40960.0,39975.6875
1718786761.0380342,pipeline load,53.216156244277954,2937207,0,0,Llama-2-7b-chat-hf,1,startup,0,32,47,DeepSpeed-MII,alpaca,40960.0,39975.6875
1718786814.268093,start-inference-0,3.234297752380371,598791,10,0,Llama-2-7b-chat-hf,1,Give three,189,199,32,170,DeepSpeed-MII,alpaca,40960.0,39985.6875
1718786817.5106127,start-inference-1,0.8971595764160156,198291,8,1,Llama-2-7b-chat-hf,1,What are t,60,68,32,170,DeepSpeed-MII,alpaca,40960.0,39985.6875
1718786818.413611,start-inference-2,3.6649398803710938,820458,9,2,Llama-2-7b-chat-hf,1,Describe t,259,268,32,170,DeepSpeed-MII,alpaca,40960.0,39985.6875
1718786822.0866635,start-inference-3,4.510962724685669,997176,9,3,Llama-2-7b-chat-hf,1,How can we,319,328,32,170,DeepSpeed-MII,alpaca,40960.0,39985.6875
1718786826.6058886,start-inference-4,1.3745651245117188,288948,14,4,Llama-2-7b-chat-hf,1,Describe a,89,103,32,170,DeepSpeed-MII,alpaca,40960.0,39985.6875
1718786827.9880567,start-inference-5,0.5703558921813965,132872,16,5,Llama-2-7b-chat-hf,1,Identify t,26,42,32,170,DeepSpeed-MII,alpaca,40960.0,39985.6875
1718786828.565129,start-inference-6,1.7165470123291016,376405,18,6,Llama-2-7b-chat-hf,1,Explain wh,109,127,32,170,DeepSpeed-MII,alpaca,40960.0,39985.6875
1718786830.28811,start-inference-7,4.747749090194702,1033501,23,7,Llama-2-7b-chat-hf,1,Write a sh,321,344,32,170,DeepSpeed-MII,alpaca,40960.0,39985.6875
1718786835.0433545,start-inference-8,1.2360773086547852,266436,10,8,Llama-2-7b-chat-hf,1,Render a 3,81,91,32,170,DeepSpeed-MII,alpaca,40960.0,39985.6875
1718786836.2854686,start-inference-9,0.3633737564086914,54654,25,9,Llama-2-7b-chat-hf,1,Evaluate t,-5,20,32,170,DeepSpeed-MII,alpaca,40960.0,39985.6875
1718786836.6546507,start-inference-10,1.7270379066467285,377325,8,10,Llama-2-7b-chat-hf,1,How did Ju,120,128,32,170,DeepSpeed-MII,alpaca,40960.0,39985.6875
1718786838.3894777,start-inference-11,0.12497735023498535,20646,8,11,Llama-2-7b-chat-hf,1,What is th,3,11,32,170,DeepSpeed-MII,alpaca,40960.0,39985.6875
1718786838.5199096,start-inference-12,2.5870847702026367,576724,17,12,Llama-2-7b-chat-hf,1,Generate a,173,190,32,170,DeepSpeed-MII,alpaca,40960.0,39985.6875
1718786841.1130304,start-inference-13,5.883843183517456,1284499,10,13,Llama-2-7b-chat-hf,1,Discuss th,414,424,32,170,DeepSpeed-MII,alpaca,40960.0,39985.6875
1718786847.004426,start-inference-14,0.28789186477661133,65551,25,14,Llama-2-7b-chat-hf,1,Classify t,-3,22,32,170,DeepSpeed-MII,alpaca,40960.0,39985.6875
1718786847.2993782,start-inference-15,3.073754072189331,689487,15,15,Llama-2-7b-chat-hf,1,Explain th,210,225,32,170,DeepSpeed-MII,alpaca,40960.0,39985.6875
1718786850.3794975,start-inference-16,3.058339834213257,666397,10,16,Llama-2-7b-chat-hf,1,Describe t,215,225,32,170,DeepSpeed-MII,alpaca,40960.0,39985.6875
1718786853.444346,start-inference-17,0.7926337718963623,178427,49,17,Llama-2-7b-chat-hf,1,Reverse en,11,60,32,170,DeepSpeed-MII,alpaca,40960.0,39985.6875
1718786854.2448115,start-inference-18,3.833714723587036,866404,14,18,Llama-2-7b-chat-hf,1,Propose an,265,279,32,170,DeepSpeed-MII,alpaca,40960.0,39985.6875
1718786858.0884442,start-inference-19,0.2600560188293457,42952,16,19,Llama-2-7b-chat-hf,1,Generate t,4,20,32,170,DeepSpeed-MII,alpaca,40960.0,39985.6875
1718786858.3539915,start-inference-20,0.6379899978637695,156389,7,20,Llama-2-7b-chat-hf,1,What does,42,49,32,170,DeepSpeed-MII,alpaca,40960.0,39985.6875
1718786858.9982562,start-inference-21,7.223514795303345,1597509,17,21,Llama-2-7b-chat-hf,1,Compare an,501,518,32,170,DeepSpeed-MII,alpaca,40960.0,39985.6875
1718786866.2307782,start-inference-22,1.020432949066162,222978,9,22,Llama-2-7b-chat-hf,1,Generate a,67,76,32,170,DeepSpeed-MII,alpaca,40960.0,39985.6875
1718786867.2569165,start-inference-23,4.158519744873047,896105,17,23,Llama-2-7b-chat-hf,1,Transcribe,276,293,32,170,DeepSpeed-MII,alpaca,40960.0,39985.6875
1718786871.4221478,start-inference-24,1.5090610980987549,334533,11,24,Llama-2-7b-chat-hf,1,Who is the,102,113,32,170,DeepSpeed-MII,alpaca,40960.0,39985.6875
1718786872.9370713,start-inference-25,2.4992787837982178,560007,12,25,Llama-2-7b-chat-hf,1,Explain th,173,185,32,170,DeepSpeed-MII,alpaca,40960.0,39985.6875
1718786875.4423583,start-inference-26,0.43484973907470703,87796,10,26,Llama-2-7b-chat-hf,1,Look up th,24,34,32,170,DeepSpeed-MII,alpaca,40960.0,39985.6875
1718786875.8829358,start-inference-27,6.416111469268799,1400579,12,27,Llama-2-7b-chat-hf,1,Describe t,450,462,32,170,DeepSpeed-MII,alpaca,40960.0,39985.6875
1718786882.308917,start-inference-28,0.651806116104126,154391,15,28,Llama-2-7b-chat-hf,1,Find the a,33,48,32,170,DeepSpeed-MII,alpaca,40960.0,39985.6875
1718786882.9663932,start-inference-29,0.6101195812225342,135151,15,29,Llama-2-7b-chat-hf,1,Identify t,32,47,32,170,DeepSpeed-MII,alpaca,40960.0,39985.6875
1718786883.582063,start-inference-30,5.372830152511597,1183809,13,30,Llama-2-7b-chat-hf,1,Explain th,376,389,32,170,DeepSpeed-MII,alpaca,40960.0,39985.6875
1718786888.9628744,start-inference-31,0.1117856502532959,21502,18,31,Llama-2-7b-chat-hf,1,Rewrite th,-8,10,32,170,DeepSpeed-MII,alpaca,40960.0,39985.6875
1718786889.0808098,start-inference-32,1.2766468524932861,268126,16,32,Llama-2-7b-chat-hf,1,Generate a,80,96,32,170,DeepSpeed-MII,alpaca,40960.0,39985.6875
