1718783388.861277,tokenizer,0.19475984573364258,10098,0,0,meta-llama/Llama-2-7b-chat-hf,1,startup,0,0,32,171,vLLM,40960.0,37909.6875
1718783389.056037,model load,19.849546909332275,1292307,0,0,meta-llama/Llama-2-7b-chat-hf,1,startup,0,0,32,171,vLLM,40960.0,37909.6875
1718783494.3554654,tokenizer,0.1671903133392334,10126,0,0,meta-llama/Llama-2-7b-chat-hf,1,startup,0,0,32,42,vLLM,40960.0,37909.6875
1718783494.5226557,model load,19.190915822982788,1258832,0,0,meta-llama/Llama-2-7b-chat-hf,1,startup,0,0,32,42,vLLM,40960.0,37909.6875
1718783550.7029207,tokenizer,0.19830656051635742,10124,0,0,meta-llama/Llama-2-7b-chat-hf,1,startup,0,0,32,171,vLLM,40960.0,37909.6875
1718783550.9012272,model load,18.843440771102905,1243678,0,0,meta-llama/Llama-2-7b-chat-hf,1,startup,0,0,32,171,vLLM,40960.0,37909.6875
1718783569.754931,start-inference-0,2.6055357456207275,566981,10,0,meta-llama/Llama-2-7b-chat-hf,1,Give three,189,199,32,173,vLLM,40960.0,37911.6875
1718783572.3685231,start-inference-1,0.5099530220031738,113759,8,1,meta-llama/Llama-2-7b-chat-hf,1,What are t,32,40,32,173,vLLM,40960.0,37911.6875
1718783572.8841128,start-inference-2,3.484971523284912,804161,9,2,meta-llama/Llama-2-7b-chat-hf,1,Describe t,259,268,32,173,vLLM,40960.0,37911.6875
1718783576.3755689,start-inference-3,4.281005859375,958878,9,3,meta-llama/Llama-2-7b-chat-hf,1,How can we,319,328,32,173,vLLM,40960.0,37911.6875
1718783580.6672943,start-inference-4,1.3139925003051758,317545,14,4,meta-llama/Llama-2-7b-chat-hf,1,Describe a,89,103,32,173,vLLM,40960.0,37911.6875
1718783581.9870243,start-inference-5,0.5748863220214844,113319,16,5,meta-llama/Llama-2-7b-chat-hf,1,Identify t,28,44,32,173,vLLM,40960.0,37911.6875
1718783582.5679846,start-inference-6,0.5615653991699219,134868,18,6,meta-llama/Llama-2-7b-chat-hf,1,Explain wh,26,44,32,173,vLLM,40960.0,37911.6875
1718783583.1350234,start-inference-7,4.539629220962524,1018539,23,7,meta-llama/Llama-2-7b-chat-hf,1,Write a sh,321,344,32,173,vLLM,40960.0,37913.6875
1718783587.682798,start-inference-8,1.1702089309692383,272656,10,8,meta-llama/Llama-2-7b-chat-hf,1,Render a 3,82,92,32,173,vLLM,40960.0,37913.6875
1718783588.8588288,start-inference-9,0.18538546562194824,45166,25,9,meta-llama/Llama-2-7b-chat-hf,1,Evaluate t,-11,14,32,173,vLLM,40960.0,37913.6875
1718783589.049647,start-inference-10,2.2041079998016357,502026,8,10,meta-llama/Llama-2-7b-chat-hf,1,How did Ju,163,171,32,173,vLLM,40960.0,37913.6875
1718783591.2617707,start-inference-11,0.12057089805603027,21192,8,11,meta-llama/Llama-2-7b-chat-hf,1,What is th,3,11,32,173,vLLM,40960.0,37913.6875
1718783591.3877742,start-inference-12,2.4671032428741455,571849,17,12,meta-llama/Llama-2-7b-chat-hf,1,Generate a,174,191,32,173,vLLM,40960.0,37913.6875
1718783593.8614862,start-inference-13,5.570929765701294,1257375,10,13,meta-llama/Llama-2-7b-chat-hf,1,Discuss th,415,425,32,173,vLLM,40960.0,37913.6875
1718783599.4410193,start-inference-14,0.27655506134033203,67504,25,14,meta-llama/Llama-2-7b-chat-hf,1,Classify t,-3,22,32,173,vLLM,40960.0,37913.6875
1718783599.7241216,start-inference-15,2.924868583679199,665624,15,15,meta-llama/Llama-2-7b-chat-hf,1,Explain th,211,226,32,173,vLLM,40960.0,37913.6875
1718783602.6569226,start-inference-16,2.914074182510376,664688,10,16,meta-llama/Llama-2-7b-chat-hf,1,Describe t,215,225,32,173,vLLM,40960.0,37913.6875
1718783605.5777957,start-inference-17,0.7567312717437744,183153,49,17,meta-llama/Llama-2-7b-chat-hf,1,Reverse en,11,60,32,173,vLLM,40960.0,37913.6875
1718783606.3401997,start-inference-18,3.6405622959136963,826778,14,18,meta-llama/Llama-2-7b-chat-hf,1,Propose an,266,280,32,173,vLLM,40960.0,37913.6875
1718783609.987748,start-inference-19,0.26325488090515137,68050,16,19,meta-llama/Llama-2-7b-chat-hf,1,Generate t,6,22,32,173,vLLM,40960.0,37913.6875
1718783610.2564201,start-inference-20,0.6139869689941406,137378,7,20,meta-llama/Llama-2-7b-chat-hf,1,What does,42,49,32,173,vLLM,40960.0,37913.6875
1718783610.8759198,start-inference-21,6.830420017242432,1562543,17,21,meta-llama/Llama-2-7b-chat-hf,1,Compare an,501,518,32,173,vLLM,40960.0,37913.6875
1718783617.7149425,start-inference-22,0.9759342670440674,205879,9,22,meta-llama/Llama-2-7b-chat-hf,1,Generate a,68,77,32,173,vLLM,40960.0,37913.6875
1718784119.3300035,tokenizer,0.1961829662322998,10093,0,0,meta-llama/Llama-2-7b-chat-hf,1,startup,0,0,32,171,vLLM,40960.0,37909.6875
1718784119.5261865,model load,19.692935705184937,1274827,0,0,meta-llama/Llama-2-7b-chat-hf,1,startup,0,0,32,171,vLLM,40960.0,37909.6875
1718784139.2336955,start-inference-0,1.2558982372283936,253138,20,0,meta-llama/Llama-2-7b-chat-hf,1,Suggest a,74,94,32,11,vLLM,40960.0,37911.6875
1718784140.4959457,start-inference-1,6.29455304145813,1434920,10,1,meta-llama/Llama-2-7b-chat-hf,1,Generate i,467,477,32,139,vLLM,40960.0,37911.6875
1718784146.8020957,start-inference-2,2.8311614990234375,641409,22,2,meta-llama/Llama-2-7b-chat-hf,1,Imagine yo,195,217,32,139,vLLM,40960.0,37913.6875
1718784149.6405919,start-inference-3,2.4972434043884277,559541,14,3,meta-llama/Llama-2-7b-chat-hf,1,Imagine yo,175,189,32,139,vLLM,40960.0,37913.6875
1718784152.1443899,start-inference-4,1.9310593605041504,431653,11,4,meta-llama/Llama-2-7b-chat-hf,1,Recommend,139,150,32,139,vLLM,40960.0,37913.6875
1718784154.083515,start-inference-5,1.238896369934082,293386,19,5,meta-llama/Llama-2-7b-chat-hf,1,Create a p,76,95,32,139,vLLM,40960.0,37913.6875
1718784155.3291464,start-inference-6,2.143052339553833,477430,29,6,meta-llama/Llama-2-7b-chat-hf,1,Explain th,135,164,32,139,vLLM,40960.0,37913.6875
1718784157.478536,start-inference-7,2.679278612136841,615464,16,7,meta-llama/Llama-2-7b-chat-hf,1,Identify t,191,207,32,139,vLLM,40960.0,37913.6875
1718784160.1647198,start-inference-8,0.6010911464691162,135799,23,8,meta-llama/Llama-2-7b-chat-hf,1,Orchestrat,24,47,32,139,vLLM,40960.0,37913.6875
1718784160.7715592,start-inference-9,3.8433871269226074,865034,18,9,meta-llama/Llama-2-7b-chat-hf,1,Tell me a,276,294,32,139,vLLM,40960.0,37913.6875
1718784164.6215348,start-inference-10,0.6657147407531738,158794,11,10,meta-llama/Llama-2-7b-chat-hf,1,What will,42,53,32,139,vLLM,40960.0,37913.6875
1718784165.2929113,start-inference-11,0.0690927505493164,0,26,11,meta-llama/Llama-2-7b-chat-hf,1,Categorize,-19,7,32,139,vLLM,40960.0,37913.6875
1718784165.3675046,start-inference-12,4.894254684448242,1114813,12,12,meta-llama/Llama-2-7b-chat-hf,1,Explain th,362,374,32,139,vLLM,40960.0,37913.6875
1718784170.2698689,start-inference-13,0.45936012268066406,112778,37,13,meta-llama/Llama-2-7b-chat-hf,1,Estimate t,-1,36,32,139,vLLM,40960.0,37913.6875
1718784170.736173,start-inference-14,2.038800001144409,457105,23,14,meta-llama/Llama-2-7b-chat-hf,1,Create a s,135,158,32,139,vLLM,40960.0,37913.6875
1718784172.7828574,start-inference-15,3.6981403827667236,846267,18,15,meta-llama/Llama-2-7b-chat-hf,1,List 3 pro,265,283,32,139,vLLM,40960.0,37913.6875
1718784176.48749,start-inference-16,0.8605453968048096,182955,16,16,meta-llama/Llama-2-7b-chat-hf,1,Name one w,52,68,32,139,vLLM,40960.0,37913.6875
1718784177.3540795,start-inference-17,0.36730384826660156,92255,19,17,meta-llama/Llama-2-7b-chat-hf,1,Create a h,11,30,32,139,vLLM,40960.0,37913.6875
1718784177.7270072,start-inference-18,0.1867997646331787,43992,43,18,meta-llama/Llama-2-7b-chat-hf,1,Convert th,-27,16,32,139,vLLM,40960.0,37913.6875
1718784177.9193263,start-inference-19,2.612114906311035,597354,10,19,meta-llama/Llama-2-7b-chat-hf,1,Give two e,191,201,32,139,vLLM,40960.0,37913.6875
1718784180.5385194,start-inference-20,1.4505140781402588,344789,51,20,meta-llama/Llama-2-7b-chat-hf,1,Build a re,62,113,32,139,vLLM,40960.0,37913.6875
1718784181.994966,start-inference-21,0.17425918579101562,21899,10,21,meta-llama/Llama-2-7b-chat-hf,1,Find the c,5,15,32,139,vLLM,40960.0,37913.6875
1718784182.1746867,start-inference-22,7.811878681182861,1776552,15,22,meta-llama/Llama-2-7b-chat-hf,1,Create a d,572,587,32,139,vLLM,40960.0,37913.6875
